artist,track,url
"Naive New Beaters","Heal Tomorrow","https://www.youtube.com/embed/j6j99zeOCOk?autoplay=1&start=38&end=68&controls=0"
"Village People","YMCA","https://www.youtube.com/embed/DP5qPb_zDUc?autoplay=1&start=37&end=67&controls=0"
"The Beach Boys","Wouldn't It Be Nice","https://www.youtube.com/embed/dmcNbsLCpBQ?autoplay=1&start=56&end=86&controls=0"
"d4vd","You and I","https://www.youtube.com/embed/K7Us2s0n8mg?autoplay=1&start=41&end=71&controls=0"
"The Weeknd","Wake Me Up (feat. Justice)","https://www.youtube.com/embed/QNGCMgvcbpA?autoplay=1&start=39&end=69&controls=0"
"d4vd","This Is How It Feels (with Laufey)","https://www.youtube.com/embed/KFNfB1-sI3g?autoplay=1&start=40&end=70&controls=0"
"Chase Atlantic","Numb to the Feeling","https://www.youtube.com/embed/j-_vl5AXsj0?autoplay=1&start=57&end=87&controls=0"
"Nirvana","Heart-Shaped Box","https://www.youtube.com/embed/_ouLbeRz_yU?autoplay=1&start=39&end=69&controls=0"
"Rihanna","Push Up On Me","https://www.youtube.com/embed/5X-l69MAJKM?autoplay=1&start=32&end=62&controls=0"
"Nekfeu","Reuf","https://www.youtube.com/embed/0233MFN2N4g?autoplay=1&start=36&end=66&controls=0"
"Conan Gray","Heather","https://www.youtube.com/embed/GPUg7n8-M6o?autoplay=1&start=36&end=66&controls=0"
"Kim Wilde","Kids In America","https://www.youtube.com/embed/i5HDfxDW7Ck?autoplay=1&start=44&end=74&controls=0"
"Radiohead","Idioteque","https://www.youtube.com/embed/svwJTnZOaco?autoplay=1&start=30&end=60&controls=0"
"Luther","MA VIE D'AVANT","https://www.youtube.com/embed/pf6am3EFQps?autoplay=1&start=38&end=68&controls=0"
"d4vd","Sky","https://www.youtube.com/embed/_eOQDkiLvE0?autoplay=1&start=47&end=77&controls=0"
"Depeche Mode","Personal Jesus","https://www.youtube.com/embed/NoPFB8h2-Sg?autoplay=1&start=47&end=77&controls=0"
"Fontaines D.C.","Starburster","https://www.youtube.com/embed/DDHvKo5NnII?autoplay=1&start=40&end=70&controls=0"
"Elton John","Don't Go Breaking My Heart","https://www.youtube.com/embed/DH7kBuZ5GZk?autoplay=1&start=48&end=78&controls=0"
"Arcane","Remember Me - From The Series ""Arcane League of Legends""","https://www.youtube.com/embed/Tg9yLrJTmTc?autoplay=1&start=52&end=82&controls=0"
"Rodrigo Amarante","Tuyo (Narcos Theme) [Extended Version] - A Netflix Original Series Soundtrack","https://www.youtube.com/embed/GJm7H9IP5SU?autoplay=1&start=58&end=88&controls=0"
"Marvin Gaye","Let's Get It On","https://www.youtube.com/embed/tQj1kPmQXwE?autoplay=1&start=50&end=80&controls=0"
"Gorillaz","Feel Good Inc.","https://www.youtube.com/embed/ZxVw7bvMd3s?autoplay=1&start=53&end=83&controls=0"
"Creedence Clearwater Revival","Fortunate Son","https://www.youtube.com/embed/3RmQTYLD398?autoplay=1&start=34&end=64&controls=0"
"Chase Atlantic","SLIDE","https://www.youtube.com/embed/tOVIeLZtxDc?autoplay=1&start=46&end=76&controls=0"
"Conan Gray","People Watching","https://www.youtube.com/embed/noJ4I3RBoEY?autoplay=1&start=40&end=70&controls=0"
"The Weeknd","Opening Night","https://www.youtube.com/embed/MYZAi6GLXyM?autoplay=1&start=48&end=78&controls=0"
"Arcane","这样很好 (Isha's Song) (from the series Arcane League of Legends)","https://www.youtube.com/embed/n68BF6IlGhk?autoplay=1&start=59&end=89&controls=0"
"Amy Winehouse","Rehab","https://www.youtube.com/embed/XOjDJRiUeGE?autoplay=1&start=51&end=81&controls=0"
"Stromae","Ma Meilleure Ennemie (from the series Arcane League of Legends)","https://www.youtube.com/embed/j-RpvIuazmc?autoplay=1&start=45&end=75&controls=0"
"The Weeknd","Reflections Laughing (feat. Travis Scott, Florence + The Machine)","https://www.youtube.com/embed/e_zUE17NodI?autoplay=1&start=58&end=88&controls=0"
"Gigi Perez","Figurines","https://www.youtube.com/embed/PlB-KTKptYU?autoplay=1&start=41&end=71&controls=0"
"Elton John","I'm Still Standing","https://www.youtube.com/embed/RMndME63PMo?autoplay=1&start=38&end=68&controls=0"
"Luther","SEUIL","https://www.youtube.com/embed/yEJrmqDS40U?autoplay=1&start=51&end=81&controls=0"
"Al Kapone","Whoop That Trick","https://www.youtube.com/embed/0qCYabLy1ic?autoplay=1&start=39&end=69&controls=0"
"Dick Dale","Misirlou","https://www.youtube.com/embed/mKpsuGMeqHI?autoplay=1&start=36&end=66&controls=0"
"Luther","TORIEL - VENI VIDI VIDE","https://www.youtube.com/embed/BmJu2zkWmkI?autoplay=1&start=31&end=61&controls=0"
"Amy Winehouse","Back To Black","https://www.youtube.com/embed/4Q4Gy2Z7xZ0?autoplay=1&start=34&end=64&controls=0"
"8Ball & MJG","Relax and Take Notes (feat. Notorious B.I.G. and Project Pat)","https://www.youtube.com/embed/Y_2fxREzBv4?autoplay=1&start=41&end=71&controls=0"
"Chase Atlantic","Moonlight","https://www.youtube.com/embed/vUNK5rIssww?autoplay=1&start=34&end=64&controls=0"
"Bloc Party","Banquet","https://www.youtube.com/embed/vdkmhquF60o?autoplay=1&start=38&end=68&controls=0"
"Dire Straits","Sultans Of Swing","https://www.youtube.com/embed/89Qg_gYqkys?autoplay=1&start=56&end=86&controls=0"
"Chase Atlantic","Church","https://www.youtube.com/embed/ke8RUVEcajI?autoplay=1&start=35&end=65&controls=0"
"The Black Keys","Lonely Boy","https://www.youtube.com/embed/qJMdZrOOef0?autoplay=1&start=54&end=84&controls=0"
"Soft Cell","Tainted Love","https://www.youtube.com/embed/TgyqZlFHokQ?autoplay=1&start=30&end=60&controls=0"
"Rounhaa","TOTENINSEL","https://www.youtube.com/embed/qmF6UI9fyfs?autoplay=1&start=55&end=85&controls=0"
"Coyote","3 Lokos","https://www.youtube.com/embed/ei02LcSl1ZI?autoplay=1&start=39&end=69&controls=0"
"The Clash","Should I Stay or Should I Go - Remastered","https://www.youtube.com/embed/e7tWqyM3r-g?autoplay=1&start=58&end=88&controls=0"
"DJ Shadow","Six Days - Remix","https://www.youtube.com/embed/W3_c4-4OMbM?autoplay=1&start=59&end=89&controls=0"
"The Chordettes","Mr. Sandman","https://www.youtube.com/embed/CX45pYvxDiA?autoplay=1&start=54&end=84&controls=0"
"Arctic Monkeys","R U Mine?","https://www.youtube.com/embed/voH0S0e01vs?autoplay=1&start=34&end=64&controls=0"
"The Monkees","I'm a Believer - 2006 Remaster","https://www.youtube.com/embed/55V6xLwsNGo?autoplay=1&start=52&end=82&controls=0"
"Gigi Perez","Sailor Song","https://www.youtube.com/embed/m0NZ-aH0G1g?autoplay=1&start=30&end=60&controls=0"
"Chase Atlantic","OUT THE ROOF","https://www.youtube.com/embed/Z3BXTHZGOZc?autoplay=1&start=32&end=62&controls=0"
"d4vd","Leave Her","https://www.youtube.com/embed/z9DgmcW6jC0?autoplay=1&start=51&end=81&controls=0"
"Conan Gray","Lonely Dancers","https://www.youtube.com/embed/1RF2AGOlMoU?autoplay=1&start=59&end=89&controls=0"
"Orelsan","Courez Courez","https://www.youtube.com/embed/ISwVz6OzmGc?autoplay=1&start=30&end=60&controls=0"
"FISHER","Losing It","https://www.youtube.com/embed/u31thuMehjM?autoplay=1&start=53&end=83&controls=0"
"The Weeknd","I Can't Fucking Sing","https://www.youtube.com/embed/0yiDQS3vH7I?autoplay=1&start=48&end=78&controls=0"
"Conan Gray","Found Heaven","https://www.youtube.com/embed/0RRKXGhDTOo?autoplay=1&start=45&end=75&controls=0"
"Luther","LESSGUI","https://www.youtube.com/embed/IP2dIU490kM?autoplay=1&start=52&end=82&controls=0"
"Beck","Loser","https://www.youtube.com/embed/CI-rKJdUiuU?autoplay=1&start=46&end=76&controls=0"
"THÉA","Ennui","https://www.youtube.com/embed/IWRxhRyzEWo?autoplay=1&start=38&end=68&controls=0"
"MC Hammer","U Can't Touch This","https://www.youtube.com/embed/otCpCn0l4Wo?autoplay=1&start=59&end=89&controls=0"
"Jeff Buckley","Hallelujah","https://www.youtube.com/embed/WIF4_Sm-rgQ?autoplay=1&start=49&end=79&controls=0"
"d4vd","Where'd It Go Wrong?","https://www.youtube.com/embed/Ewk2CygtBV4?autoplay=1&start=59&end=89&controls=0"
"d4vd","Notes From A Wrist","https://www.youtube.com/embed/qx7u-anbsLg?autoplay=1&start=37&end=67&controls=0"
"The Weeknd","The Abyss (feat. Lana Del Rey)","https://www.youtube.com/embed/S3ncfrQPpjs?autoplay=1&start=54&end=84&controls=0"
"Chase Atlantic","Keep It Up","https://www.youtube.com/embed/rp_qWqifiYA?autoplay=1&start=35&end=65&controls=0"
"Talk Talk","It's My Life","https://www.youtube.com/embed/_QjXmw7dhLY?autoplay=1&start=56&end=86&controls=0"
"Luther","ROUGE GORON","https://www.youtube.com/embed/CGjwqbaJ3xw?autoplay=1&start=52&end=82&controls=0"
"d4vd","My House Is Not A Home","https://www.youtube.com/embed/B4UdAJxAoiw?autoplay=1&start=45&end=75&controls=0"
"Luther","LOOK","https://www.youtube.com/embed/yq840BYK9Bk?autoplay=1&start=48&end=78&controls=0"
"Dalí","Carcan de cuir","https://www.youtube.com/embed/eDbRJvo5fpM?autoplay=1&start=44&end=74&controls=0"
"neophron","sometime","https://www.youtube.com/embed/9_8N6IgyZWc?autoplay=1&start=31&end=61&controls=0"
"d4vd","Here With Me","https://www.youtube.com/embed/B7Y4LHbpXv0?autoplay=1&start=48&end=78&controls=0"
"ABBA","SOS","https://www.youtube.com/embed/aKXAN-bcwRo?autoplay=1&start=30&end=60&controls=0"
"Gorillaz","19-2000","https://www.youtube.com/embed/xVDcD7wSfyE?autoplay=1&start=45&end=75&controls=0"
"Chase Atlantic","STUCKINMYBRAIN","https://www.youtube.com/embed/wiA8o6CnpT0?autoplay=1&start=31&end=61&controls=0"
"Arcane","Ma Meilleure Ennemie - From The Series ""Arcane League of Legends""","https://www.youtube.com/embed/1F3OGIFnW1k?autoplay=1&start=41&end=71&controls=0"
"Paul Anka","Put Your Head On My Shoulder - Remastered","https://www.youtube.com/embed/6UxqNTT6rE8?autoplay=1&start=31&end=61&controls=0"
"Gigi Perez","Karma","https://www.youtube.com/embed/XEwJGLEOHQw?autoplay=1&start=46&end=76&controls=0"
"Casseurs Flowters","Freestyle Radio Phoenix","https://www.youtube.com/embed/7jXjSx_Li4g?autoplay=1&start=42&end=72&controls=0"
"Bob Marley & The Wailers","Could You Be Loved","https://www.youtube.com/embed/uf9DjrIEEwc?autoplay=1&start=54&end=84&controls=0"
"BoyWithUke","Toxic","https://www.youtube.com/embed/Mvaosumc4hU?autoplay=1&start=43&end=73&controls=0"
"d4vd","You Left Me First","https://www.youtube.com/embed/8KxhKO9Sja8?autoplay=1&start=56&end=86&controls=0"
"Fousheé","Deep End","https://www.youtube.com/embed/j7QPOdO1QAc?autoplay=1&start=42&end=72&controls=0"
"Conan Gray","Eye Of The Night","https://www.youtube.com/embed/iGUHtNf4RBI?autoplay=1&start=51&end=81&controls=0"
"Kalash Criminel","Arrêt du cœur","https://www.youtube.com/embed/ecu5RD3Hu8s?autoplay=1&start=45&end=75&controls=0"
"Childish Gambino","Redbone","https://www.youtube.com/embed/k49I5m1J6Is?autoplay=1&start=52&end=82&controls=0"
"Orelsan","Dans ma ville, on traîne","https://www.youtube.com/embed/2cJSoSBVH24?autoplay=1&start=37&end=67&controls=0"
"Chase Atlantic","GREENGREENGREEN","https://www.youtube.com/embed/JSOwafXzJiQ?autoplay=1&start=36&end=66&controls=0"
"Lady Gaga","Die With A Smile","https://www.youtube.com/embed/PfH7jq_uSCM?autoplay=1&start=53&end=83&controls=0"
"Peachy!","Falling for U","https://www.youtube.com/embed/RSXiNSiiCsg?autoplay=1&start=49&end=79&controls=0"
"d4vd","2016","https://www.youtube.com/embed/g0B3Bz9pS1U?autoplay=1&start=55&end=85&controls=0"
"Séleste","Par milliers","https://www.youtube.com/embed/_yOTQj7eTZM?autoplay=1&start=36&end=66&controls=0"
"Modjo","Lady - Hear Me Tonight","https://www.youtube.com/embed/MzFYzXKWwik?autoplay=1&start=35&end=65&controls=0"
"Luther","ALAKAZAM","https://www.youtube.com/embed/drcb-_HQdHo?autoplay=1&start=48&end=78&controls=0"
"Luther","Câlins","https://www.youtube.com/embed/LW1pyES9-Lk?autoplay=1&start=43&end=73&controls=0"
"Billie Eilish","i love you","https://www.youtube.com/embed/WiinVuzh4DA?autoplay=1&start=56&end=86&controls=0"
"Imagination","Just an Illusion","https://www.youtube.com/embed/2PaUCz09u24?autoplay=1&start=59&end=89&controls=0"
"Aerosmith","Dream On","https://www.youtube.com/embed/89dGC8de0CA?autoplay=1&start=59&end=89&controls=0"
"Conan Gray","Alley Rose","https://www.youtube.com/embed/M6dsZ_2v40s?autoplay=1&start=40&end=70&controls=0"
"Chase Atlantic","Swim","https://www.youtube.com/embed/7yW_uJOpxww?autoplay=1&start=35&end=65&controls=0"
"Luther","LE SANG","https://www.youtube.com/embed/LGL63Y2vOP0?autoplay=1&start=32&end=62&controls=0"
"Luther","ALED","https://www.youtube.com/embed/yEJrmqDS40U?autoplay=1&start=46&end=76&controls=0"
"XXXTENTACION","Jocelyn Flores","https://www.youtube.com/embed/FAucVNRx_mU?autoplay=1&start=34&end=64&controls=0"
"Orelsan","Bonne meuf","https://www.youtube.com/embed/dVyzhCLaUdw?autoplay=1&start=42&end=72&controls=0"
"Elvis Presley","Jailhouse Rock","https://www.youtube.com/embed/PpsUOOfb-vE?autoplay=1&start=56&end=86&controls=0"
"ABBA","Mamma Mia","https://www.youtube.com/embed/U4Sm7v6PDY8?autoplay=1&start=59&end=89&controls=0"
"O.T. Genasis","I Look Good","https://www.youtube.com/embed/57xFW8RPX3g?autoplay=1&start=59&end=89&controls=0"
"Landy","Millions d'euros","https://www.youtube.com/embed/hc-Mq97aZ2Q?autoplay=1&start=30&end=60&controls=0"
"Casseurs Flowters","06h16 - Des histoires à raconter","https://www.youtube.com/embed/yBwtAySu7Mg?autoplay=1&start=46&end=76&controls=0"
"d4vd","Invisible String Theory (Interlude)","https://www.youtube.com/embed/jIH1_V7gDTM?autoplay=1&start=32&end=62&controls=0"
"Bryant Barnes","Universe","https://www.youtube.com/embed/M7gWwxG6OHY?autoplay=1&start=31&end=61&controls=0"
"The Beatles","Lady Madonna - Remastered 2015","https://www.youtube.com/embed/czhd27cN2dg?autoplay=1&start=55&end=85&controls=0"
"Billie Eilish","bad guy","https://www.youtube.com/embed/YD4utuFiexw?autoplay=1&start=56&end=86&controls=0"
"Linkin Park","Numb","https://www.youtube.com/embed/KIfYtDl4B2g?autoplay=1&start=47&end=77&controls=0"
"Led Zeppelin","Immigrant Song - Remaster","https://www.youtube.com/embed/y8OtzJtp-EM?autoplay=1&start=49&end=79&controls=0"
"Chase Atlantic","Drugs & Money - New Mix","https://www.youtube.com/embed/quF_LwIeVv8?autoplay=1&start=53&end=83&controls=0"
"Bryant Barnes","Want You All The Time","https://www.youtube.com/embed/M7gWwxG6OHY?autoplay=1&start=30&end=60&controls=0"
"JAY-Z","Ni**as In Paris","https://www.youtube.com/embed/fbFnF-86eYs?autoplay=1&start=37&end=67&controls=0"
"Davodka","Flemme olympique","https://www.youtube.com/embed/lOqno0YZ-ys?autoplay=1&start=30&end=60&controls=0"
"Armani White","BILLIE EILISH.","https://www.youtube.com/embed/QIk9soqUjxc?autoplay=1&start=33&end=63&controls=0"
"Arcane","To Ashes and Blood - From The Series ""Arcane League of Legends""","https://www.youtube.com/embed/Gj-jmBi0aK8?autoplay=1&start=48&end=78&controls=0"
"Lefa","Chloroquine","https://www.youtube.com/embed/M-suiY8bL5w?autoplay=1&start=47&end=77&controls=0"
"Rocco DeLuca","Crash of Worlds","https://www.youtube.com/embed/mBMKuEfQrV4?autoplay=1&start=50&end=80&controls=0"
"Lucky Luke","Cooler Than Me","https://www.youtube.com/embed/A3pJB4m713M?autoplay=1&start=42&end=72&controls=0"
"Arcane","Remember Me (from the series Arcane League of Legends)","https://www.youtube.com/embed/Tg9yLrJTmTc?autoplay=1&start=55&end=85&controls=0"
"Duran Duran","INVISIBLE","https://www.youtube.com/embed/FKwVFWwA_x8?autoplay=1&start=58&end=88&controls=0"
"Chase Atlantic","Meddle About","https://www.youtube.com/embed/MXp3lZQgwes?autoplay=1&start=47&end=77&controls=0"
"Chase Atlantic","Okay","https://www.youtube.com/embed/8A8QhQwWKqw?autoplay=1&start=38&end=68&controls=0"
"Orelsan","Jour meilleur","https://www.youtube.com/embed/ZT6IYZor9e8?autoplay=1&start=38&end=68&controls=0"
"Eurythmics","Sweet Dreams (Are Made of This) - 2005 Remaster","https://www.youtube.com/embed/eRhg7qPLeN8?autoplay=1&start=37&end=67&controls=0"
"Central Cee","6 For 6","https://www.youtube.com/embed/MPm2yXv0urU?autoplay=1&start=48&end=78&controls=0"
"Creedence Clearwater Revival","Bad Moon Rising","https://www.youtube.com/embed/tKJwvQfraY8?autoplay=1&start=40&end=70&controls=0"
"Kavinsky","Odd Look","https://www.youtube.com/embed/vJ1oyOazhEk?autoplay=1&start=48&end=78&controls=0"
"Bryant Barnes","Adore You","https://www.youtube.com/embed/S0JggED-l0s?autoplay=1&start=39&end=69&controls=0"
"Conan Gray","Jigsaw","https://www.youtube.com/embed/VhhTuFfYXqk?autoplay=1&start=36&end=66&controls=0"
"Dr. Dre","Deep Cover","https://www.youtube.com/embed/Op9Ml7pS6uA?autoplay=1&start=46&end=76&controls=0"
"America","A Horse with No Name","https://www.youtube.com/embed/na47wMFfQCo?autoplay=1&start=37&end=67&controls=0"
"Woody Jackson","American Venom","https://www.youtube.com/embed/AF22vaGLziM?autoplay=1&start=43&end=73&controls=0"
"The Kinks","You Really Got Me","https://www.youtube.com/embed/fTTsY-oz6Go?autoplay=1&start=54&end=84&controls=0"
"Groove Armada","Hands of Time","https://www.youtube.com/embed/KDmtOW8hd54?autoplay=1&start=47&end=77&controls=0"
"Davay","Tri Poloski","https://www.youtube.com/embed/K4OA_DHgfzE?autoplay=1&start=51&end=81&controls=0"
"d4vd","Once More","https://www.youtube.com/embed/T02isJ9uh-o?autoplay=1&start=42&end=72&controls=0"
"Soso Maness","Petrouchka (feat. PLK)","https://www.youtube.com/embed/zzms5qmIYuU?autoplay=1&start=37&end=67&controls=0"
"Conan Gray","Winner","https://www.youtube.com/embed/DDqOI71Aq_M?autoplay=1&start=49&end=79&controls=0"
"George Harrison","Got My Mind Set on You","https://www.youtube.com/embed/SuJuJA5k44Y?autoplay=1&start=57&end=87&controls=0"
"Coolio","Gangsta's Paradise","https://www.youtube.com/embed/Tw0_qHNRAEA?autoplay=1&start=33&end=63&controls=0"
"Orelsan","La petite marchande de porte-clefs","https://www.youtube.com/embed/zjgMfGGZmrc?autoplay=1&start=32&end=62&controls=0"
"Daft Punk","Harder, Better, Faster, Stronger","https://www.youtube.com/embed/yydNF8tuVmU?autoplay=1&start=59&end=89&controls=0"
"Chase Atlantic","Into It","https://www.youtube.com/embed/lZp96uELegI?autoplay=1&start=44&end=74&controls=0"
"Chase Atlantic","LUST","https://www.youtube.com/embed/g3maqr6yQTQ?autoplay=1&start=52&end=82&controls=0"
"Chase Atlantic","Right Here","https://www.youtube.com/embed/Z4kzes_3FJY?autoplay=1&start=37&end=67&controls=0"
"Ludwig Göransson","Can You Hear The Music","https://www.youtube.com/embed/4JZ-o3iAJv4?autoplay=1&start=45&end=75&controls=0"
"d4vd","One More Dance","https://www.youtube.com/embed/DPBuJWUNQEM?autoplay=1&start=49&end=79&controls=0"
"Bryant Barnes","Is This Love To You","https://www.youtube.com/embed/wBR8OVEJwjo?autoplay=1&start=57&end=87&controls=0"
"Arizona Zervas","ROXANNE","https://www.youtube.com/embed/F635hayVNic?autoplay=1&start=42&end=72&controls=0"
"d4vd","It’s That Time Again","https://www.youtube.com/embed/h_htPQtTbOc?autoplay=1&start=51&end=81&controls=0"
"d4vd","Atomic Land","https://www.youtube.com/embed/lUzyYt4MalY?autoplay=1&start=45&end=75&controls=0"
"abel31",".50BMG","https://www.youtube.com/embed/xqnqMVe9Z4w?autoplay=1&start=49&end=79&controls=0"
"Big Pun","Twinz (feat. Fat Joe)","https://www.youtube.com/embed/-7fBmlX80fA?autoplay=1&start=55&end=85&controls=0"
"THÉA","JUSTE AMIS","https://www.youtube.com/embed/kBSCSWkWrYw?autoplay=1&start=43&end=73&controls=0"
"MC Solaar","Bouge de là - Part. 1","https://www.youtube.com/embed/eaPfUf051sc?autoplay=1&start=46&end=76&controls=0"
"Labrinth","Mount Everest","https://www.youtube.com/embed/kwrYDTHKxiE?autoplay=1&start=38&end=68&controls=0"
"Conan Gray","Wish You Were Sober","https://www.youtube.com/embed/RHyE_erqAe0?autoplay=1&start=40&end=70&controls=0"
"Nena","99 Luftballons","https://www.youtube.com/embed/TMSlTQmDLx4?autoplay=1&start=55&end=85&controls=0"
"Foster The People","Pumped Up Kicks","https://www.youtube.com/embed/k_aQYP8rsgE?autoplay=1&start=59&end=89&controls=0"
"Naps","Recherché","https://www.youtube.com/embed/-rF_8dM8DX8?autoplay=1&start=37&end=67&controls=0"
"MEUTE","Peace","https://www.youtube.com/embed/GeqCPGujnsE?autoplay=1&start=43&end=73&controls=0"
"The Rolling Stones","Paint It, Black","https://www.youtube.com/embed/O4irXQhgMqg?autoplay=1&start=58&end=88&controls=0"
"Chase Atlantic","PARANOID","https://www.youtube.com/embed/zpK1ICt5Tms?autoplay=1&start=36&end=66&controls=0"
"HollowS","Meda","https://www.youtube.com/embed/2uiL5ewGP1w?autoplay=1&start=50&end=80&controls=0"
"Paul Kalkbrenner","Feed Your Head","https://www.youtube.com/embed/QqKy5h0yX5c?autoplay=1&start=52&end=82&controls=0"
"The Beatles","Drive My Car - Remastered 2009","https://www.youtube.com/embed/6ZwNO_zAqOo?autoplay=1&start=53&end=83&controls=0"
"Monty Python","Always Look On The Bright Side Of Life","https://www.youtube.com/embed/GvIjNpFZQtE?autoplay=1&start=55&end=85&controls=0"
"d4vd","Say It Back","https://www.youtube.com/embed/mphrDW0QIsY?autoplay=1&start=32&end=62&controls=0"
"Portugal. The Man","Feel It Still","https://www.youtube.com/embed/qDIMlYaT5Hg?autoplay=1&start=38&end=68&controls=0"
"Led Zeppelin","Kashmir - Remaster","https://www.youtube.com/embed/gEYqSorzOZs?autoplay=1&start=52&end=82&controls=0"
"Gorillaz","Dirty Harry","https://www.youtube.com/embed/hBie-xdbLeM?autoplay=1&start=49&end=79&controls=0"
"Conan Gray","Family Line","https://www.youtube.com/embed/0siR6U54-iE?autoplay=1&start=58&end=88&controls=0"
"Dr. Dre","Keep Their Heads Ringin'","https://www.youtube.com/embed/Gg5KfL-4asE?autoplay=1&start=36&end=66&controls=0"
"Favored Nations","The Set Up","https://www.youtube.com/embed/RtpsoiQy62U?autoplay=1&start=32&end=62&controls=0"
"Ultravox","Vienna - 2008 Remaster","https://www.youtube.com/embed/VVkHZz0WOqs?autoplay=1&start=42&end=72&controls=0"
"Redbone","Come and Get Your Love - Single Version","https://www.youtube.com/embed/bc0KhhjJP98?autoplay=1&start=41&end=71&controls=0"
"d4vd","Feel It","https://www.youtube.com/embed/N4lQtxmOwSg?autoplay=1&start=43&end=73&controls=0"
"Franz Ferdinand","Take Me Out","https://www.youtube.com/embed/h_JR9kIw38U?autoplay=1&start=33&end=63&controls=0"
"Rounhaa","fantom","https://www.youtube.com/embed/p9IlritU_gE?autoplay=1&start=35&end=65&controls=0"
"Earth, Wind & Fire","September","https://www.youtube.com/embed/h7bFw5vLcio?autoplay=1&start=54&end=84&controls=0"
"Conan Gray","Astronomy","https://www.youtube.com/embed/B-W6JrZGLdE?autoplay=1&start=45&end=75&controls=0"
"Migos","Walk It Talk It","https://www.youtube.com/embed/A_xWDAbnBSU?autoplay=1&start=35&end=65&controls=0"
"The Beach Boys","Surfin' U.S.A.","https://www.youtube.com/embed/H0bhSGfKTs4?autoplay=1&start=30&end=60&controls=0"
"d4vd","Rehab","https://www.youtube.com/embed/suyKeRQDRlw?autoplay=1&start=39&end=69&controls=0"
"Kalash Criminel","ENCORE LES PROBLÈMES","https://www.youtube.com/embed/qAiBt_Ccdf0?autoplay=1&start=48&end=78&controls=0"
"Blur","Song 2 - 2012 Remaster","https://www.youtube.com/embed/fVPIVD8A8CI?autoplay=1&start=50&end=80&controls=0"
"21 Savage","redrum","https://www.youtube.com/embed/ukbiRcyzrpc?autoplay=1&start=53&end=83&controls=0"
"Chuck Berry","Johnny B. Goode","https://www.youtube.com/embed/Y-9Y4CCIWnM?autoplay=1&start=43&end=73&controls=0"
"Miki","échec et mat","https://www.youtube.com/embed/R9aSObp_FYc?autoplay=1&start=48&end=78&controls=0"
"Dr. Dre","What's The Difference","https://www.youtube.com/embed/-Ubyt7iWJ8Q?autoplay=1&start=35&end=65&controls=0"
"Jidanofu","Drink A Yak","https://www.youtube.com/embed/LSXRZXWEOi8?autoplay=1&start=49&end=79&controls=0"
"Q Lazzarus","Goodbye Horses","https://www.youtube.com/embed/X_DVS_303kQ?autoplay=1&start=47&end=77&controls=0"
"The Rah Band","Messages from the Stars","https://www.youtube.com/embed/LfX6JxfND44?autoplay=1&start=32&end=62&controls=0"
"Zola","Wow","https://www.youtube.com/embed/_rnL6oxpMJU?autoplay=1&start=51&end=81&controls=0"
"Orelsan","50 Pourcents","https://www.youtube.com/embed/HeGnJhpffCY?autoplay=1&start=44&end=74&controls=0"
"Klaus Veen","Poison","https://www.youtube.com/embed/hwla5xL-jtM?autoplay=1&start=56&end=86&controls=0"
"Dirty Heads","Vacation","https://www.youtube.com/embed/OcESDWpysmc?autoplay=1&start=41&end=71&controls=0"
"d4vd","Is This Really Love?","https://www.youtube.com/embed/ktcu9NVFYSo?autoplay=1&start=58&end=88&controls=0"
"Chezile","Beanie","https://www.youtube.com/embed/tERTBPdVivc?autoplay=1&start=58&end=88&controls=0"
"d4vd","Romantic Homicide","https://www.youtube.com/embed/FpO31FVxxb4?autoplay=1&start=54&end=84&controls=0"
"d4vd","Afterlife","https://www.youtube.com/embed/JS8gGUgp8_E?autoplay=1&start=41&end=71&controls=0"
"Blues Trottoir","Un soir de pluie","https://www.youtube.com/embed/Fo9pO0yqLhQ?autoplay=1&start=32&end=62&controls=0"
"Chase Atlantic","OHMAMI","https://www.youtube.com/embed/mxG5UfyIYTk?autoplay=1&start=47&end=77&controls=0"
"Chase Atlantic","ESCORT","https://www.youtube.com/embed/DwPtnj9NV64?autoplay=1&start=31&end=61&controls=0"
"Conan Gray","Maniac","https://www.youtube.com/embed/cl6wEXFPoZ8?autoplay=1&start=44&end=74&controls=0"
"THÉA","CAVALE! CAVALE!","https://www.youtube.com/embed/72z3T4mLNuU?autoplay=1&start=43&end=73&controls=0"
"Daft Punk","Get Lucky (Radio Edit) [feat. Pharrell Williams and Nile Rodgers]","https://www.youtube.com/embed/5NV6Rdv1a3I?autoplay=1&start=46&end=76&controls=0"
"Cypress Hill","Insane in the Brain","https://www.youtube.com/embed/XOcyKObnwg4?autoplay=1&start=33&end=63&controls=0"
"Conan Gray","Killing Me","https://www.youtube.com/embed/cQzJWnYVNoQ?autoplay=1&start=36&end=66&controls=0"
"Queen","We Are The Champions","https://www.youtube.com/embed/aRlk72bQK90?autoplay=1&start=57&end=87&controls=0"
"David Guetta","Memories (feat. Kid Cudi)","https://www.youtube.com/embed/5tmUL340cNQ?autoplay=1&start=35&end=65&controls=0"
"Frank Sinatra","That's Life","https://www.youtube.com/embed/TnlPtaPxXfc?autoplay=1&start=59&end=89&controls=0"
"The Rolling Stones","Start Me Up - Remastered 2009","https://www.youtube.com/embed/dW5fvqkWNTM?autoplay=1&start=40&end=70&controls=0"
"Gambi","PETETE","https://www.youtube.com/embed/pIhzDPrhAfc?autoplay=1&start=53&end=83&controls=0"
"ELIO","hurts 2 hate somebody (with Chase Atlantic & No Rome)","https://www.youtube.com/embed/7KflynJlW88?autoplay=1&start=59&end=89&controls=0"
"XXXTENTACION","Depression & Obsession","https://www.youtube.com/embed/yas2vpTPWWY?autoplay=1&start=56&end=86&controls=0"
"Regine","Je survivrai","https://www.youtube.com/embed/EIL_5q6p12w?autoplay=1&start=37&end=67&controls=0"
"abel31","crystal","https://www.youtube.com/embed/B_dtMiq9Vv0?autoplay=1&start=32&end=62&controls=0"
"Alice Merton","No Roots","https://www.youtube.com/embed/AfvCPvVgeOc?autoplay=1&start=47&end=77&controls=0"
"Corona","The Rhythm of the Night","https://www.youtube.com/embed/I6PtJJCQn3A?autoplay=1&start=53&end=83&controls=0"
"ABBA","Gimme! Gimme! Gimme! (A Man After Midnight)","https://www.youtube.com/embed/JWay7CDEyAI?autoplay=1&start=43&end=73&controls=0"
"The Duprees","You Belong To Me","https://www.youtube.com/embed/ZUGCCSAa_OQ?autoplay=1&start=54&end=84&controls=0"
"2Pac","Dear Mama","https://www.youtube.com/embed/i2aqxtAETJs?autoplay=1&start=38&end=68&controls=0"
"Chase Atlantic","TOO LATE","https://www.youtube.com/embed/XEOQo7yaoYg?autoplay=1&start=37&end=67&controls=0"
"Casseurs Flowters","01h16 - Les putes et moi","https://www.youtube.com/embed/5pH8Xj6dD5c?autoplay=1&start=38&end=68&controls=0"
"Radiohead","Everything In Its Right Place","https://www.youtube.com/embed/onRk0sjSgFU?autoplay=1&start=47&end=77&controls=0"
"UZI","À la fête","https://www.youtube.com/embed/6DZLs9jNfj4?autoplay=1&start=47&end=77&controls=0"
"Bob Marley & The Wailers","Is This Love","https://www.youtube.com/embed/co2FK0WbXX0?autoplay=1&start=48&end=78&controls=0"
"The Sh-Booms","Sh-Boom (Life Could Be a Dream)","https://www.youtube.com/embed/9jt_q1jM89Y?autoplay=1&start=35&end=65&controls=0"
"Gesaffelstein","Aleph","https://www.youtube.com/embed/co2HfQBeREY?autoplay=1&start=45&end=75&controls=0"
"Chase Atlantic","RICOCHET","https://www.youtube.com/embed/OfpkLxoFEBM?autoplay=1&start=50&end=80&controls=0"
"The Rolling Stones","(I Can't Get No) Satisfaction - Mono","https://www.youtube.com/embed/MSSxnv1_J2g?autoplay=1&start=50&end=80&controls=0"
"Dusty Kid","Kore","https://www.youtube.com/embed/iPVxwBEfb1M?autoplay=1&start=30&end=60&controls=0"
"Fleetwood Mac","The Chain - 2004 Remaster","https://www.youtube.com/embed/3-4OiORWzoE?autoplay=1&start=31&end=61&controls=0"
"Kavinsky","Nightcall","https://www.youtube.com/embed/MV_3Dpw-BRY?autoplay=1&start=55&end=85&controls=0"
"Led Zeppelin","Stairway to Heaven - Remaster","https://www.youtube.com/embed/X791IzOwt3Q?autoplay=1&start=37&end=67&controls=0"
"Luther","T3","https://www.youtube.com/embed/1lz4RjY_YgY?autoplay=1&start=57&end=87&controls=0"
"Conan Gray","Boys & Girls","https://www.youtube.com/embed/4kBbn3_y9Zg?autoplay=1&start=59&end=89&controls=0"
"Chase Atlantic","Consume (feat. Goon Des Garcons)","https://www.youtube.com/embed/oCdXuomafSU?autoplay=1&start=30&end=60&controls=0"
"Marcus King","Sucker (from the series Arcane League of Legends)","https://www.youtube.com/embed/8sekyV_o2pM?autoplay=1&start=42&end=72&controls=0"
"Kool & The Gang","Get Down On It","https://www.youtube.com/embed/81wKSt0tkNs?autoplay=1&start=50&end=80&controls=0"
"Pixies","Here Comes Your Man","https://www.youtube.com/embed/LKVrRzr6CM4?autoplay=1&start=55&end=85&controls=0"
"Luther","TR4PST4R","https://www.youtube.com/embed/raFv6NXw9Eo?autoplay=1&start=47&end=77&controls=0"
"Dizzee Rascal","Bassline Junkie","https://www.youtube.com/embed/D1gl46hh3sQ?autoplay=1&start=42&end=72&controls=0"
"Chase Atlantic","Vibes","https://www.youtube.com/embed/JdQJvyOxJJI?autoplay=1&start=44&end=74&controls=0"
"Manu Chao","Je ne t'aime plus","https://www.youtube.com/embed/Qn6IBCYVQAY?autoplay=1&start=52&end=82&controls=0"
"The Subways","Rock & Roll Queen","https://www.youtube.com/embed/wAQUsdw01IA?autoplay=1&start=37&end=67&controls=0"
"Bobby Caldwell","What You Won't Do for Love","https://www.youtube.com/embed/n9DmdAwUbxc?autoplay=1&start=43&end=73&controls=0"
"Daft Punk","One More Time","https://www.youtube.com/embed/A2VpR8HahKc?autoplay=1&start=50&end=80&controls=0"
"Queen","We Will Rock You","https://www.youtube.com/embed/TXGbhniTBrU?autoplay=1&start=55&end=85&controls=0"
"Damso","Θ. Macarena","https://www.youtube.com/embed/GGhKPm18E48?autoplay=1&start=52&end=82&controls=0"
"Damso","DAMSAUTISTE","https://www.youtube.com/embed/th1vQqS1xw0?autoplay=1&start=37&end=67&controls=0"
"Arctic Monkeys","505","https://www.youtube.com/embed/qU9mHegkTc4?autoplay=1&start=32&end=62&controls=0"
"d4vd","Sleep Well","https://www.youtube.com/embed/iTWYa0t5COk?autoplay=1&start=40&end=70&controls=0"
"Nekfeu","Tempête","https://www.youtube.com/embed/TF0gmboYldk?autoplay=1&start=30&end=60&controls=0"
"Queen","Bohemian Rhapsody - Remastered 2011","https://www.youtube.com/embed/xG16sdjLtc0?autoplay=1&start=43&end=73&controls=0"
"Ben E. King","Stand By Me","https://www.youtube.com/embed/hwZNL7QVJjE?autoplay=1&start=34&end=64&controls=0"
"Drake","Know Yourself","https://www.youtube.com/embed/IV-XT27UOHo?autoplay=1&start=39&end=69&controls=0"
"St Graal","Resto Basket","https://www.youtube.com/embed/VAaXmSlkjqA?autoplay=1&start=37&end=67&controls=0"
"Chase Atlantic","HEAVEN AND BACK","https://www.youtube.com/embed/uIS6H-JxOXE?autoplay=1&start=57&end=87&controls=0"
"Chase Atlantic","DIE FOR ME","https://www.youtube.com/embed/k_F-b8tLvng?autoplay=1&start=34&end=64&controls=0"
"The White Stripes","Seven Nation Army","https://www.youtube.com/embed/CBEJo18auXE?autoplay=1&start=59&end=89&controls=0"
"Luther","PABO","https://www.youtube.com/embed/nyLgWsNKoig?autoplay=1&start=40&end=70&controls=0"
"Ben Snow","Aikido Flows - Ben Snow Remix","https://www.youtube.com/embed/OyOxyS-qKgg?autoplay=1&start=54&end=84&controls=0"
"Conan Gray","Memories","https://www.youtube.com/embed/w7LnzW3UCpo?autoplay=1&start=31&end=61&controls=0"
"Jim Croce","Time in a Bottle","https://www.youtube.com/embed/wNBiH-H5kTw?autoplay=1&start=45&end=75&controls=0"
"The Supermen Lovers","Starlight","https://www.youtube.com/embed/R2Yp_4SrrNY?autoplay=1&start=40&end=70&controls=0"
"Bandingo YGNE","Baby Powder","https://www.youtube.com/embed/JDdqmr2CfNQ?autoplay=1&start=38&end=68&controls=0"
"Chase Atlantic","The Walls","https://www.youtube.com/embed/FnvUMFmxP70?autoplay=1&start=50&end=80&controls=0"
"Manu Chao","Clandestino","https://www.youtube.com/embed/TyA-oz7lSrc?autoplay=1&start=32&end=62&controls=0"
"Kraftwerk","Radioactivity - 2009 Remaster","https://www.youtube.com/embed/3wBs4pTzcYA?autoplay=1&start=36&end=66&controls=0"
"d4vd","Wasting Your Time","https://www.youtube.com/embed/Qh1UxDLkukU?autoplay=1&start=43&end=73&controls=0"
"Lynyrd Skynyrd","Free Bird - Edit","https://www.youtube.com/embed/PT8bkqa_a-c?autoplay=1&start=51&end=81&controls=0"
"Kate Bush","Army Dreamers","https://www.youtube.com/embed/U9pI40LnmHM?autoplay=1&start=48&end=78&controls=0"
"Conan Gray","The Exit","https://www.youtube.com/embed/K_sSq6-Qvlw?autoplay=1&start=44&end=74&controls=0"
"Johnny Cash","Hurt","https://www.youtube.com/embed/HNefxXjfrr0?autoplay=1&start=51&end=81&controls=0"
"Bryant Barnes","I'd Rather Pretend (with d4vd)","https://www.youtube.com/embed/mQnMwl7Gtz4?autoplay=1&start=56&end=86&controls=0"
"Pixies","Gouge Away","https://www.youtube.com/embed/2twLJU_ggGI?autoplay=1&start=56&end=86&controls=0"
"Nekfeu","Ma dope","https://www.youtube.com/embed/kjuOUwPV2gY?autoplay=1&start=42&end=72&controls=0"
"KRS-One","Sound of da Police","https://www.youtube.com/embed/1QQ63bcHFdY?autoplay=1&start=50&end=80&controls=0"
"Paul Kalkbrenner","Azure","https://www.youtube.com/embed/XLh07c1isMA?autoplay=1&start=41&end=71&controls=0"
"d4vd","NEVER AGAIN","https://www.youtube.com/embed/6flu5-tvinY?autoplay=1&start=31&end=61&controls=0"
"xryce","FUCK IT","https://www.youtube.com/embed/Ta5YF0OtW9g?autoplay=1&start=48&end=78&controls=0"
"d4vd","Friend Again","https://www.youtube.com/embed/M_1PplpG8j8?autoplay=1&start=39&end=69&controls=0"
"THÉA","Enfant doué.e","https://www.youtube.com/embed/T17OozgVt5s?autoplay=1&start=53&end=83&controls=0"
"Moreart","Я буду ебать","https://www.youtube.com/embed/shoXoXR5OaM?autoplay=1&start=35&end=65&controls=0"
"Tate McRae","run for the hills","https://www.youtube.com/embed/NGAW-DGkXuM?autoplay=1&start=34&end=64&controls=0"
"The Doors","Riders on the Storm","https://www.youtube.com/embed/7G2-FPlvY58?autoplay=1&start=33&end=63&controls=0"
"d4vd","Fly Away","https://www.youtube.com/embed/HB8Vw9Todek?autoplay=1&start=53&end=83&controls=0"
"Bill Withers","Ain't No Sunshine","https://www.youtube.com/embed/YuKfiH0Scao?autoplay=1&start=37&end=67&controls=0"
"d4vd","Crashing (with Kali Uchis)","https://www.youtube.com/embed/k855HXJ8-tk?autoplay=1&start=55&end=85&controls=0"
"Jengi","Bel Mercy","https://www.youtube.com/embed/Q8hkQcfAJzU?autoplay=1&start=31&end=61&controls=0"
"Queen","I Want To Break Free","https://www.youtube.com/embed/kBFGQ_Khc3Q?autoplay=1&start=40&end=70&controls=0"
"Casseurs Flowters","Pas n’importe quel toon","https://www.youtube.com/embed/ddKCkgywso0?autoplay=1&start=43&end=73&controls=0"
"Chase Atlantic","COLD NIGHTS","https://www.youtube.com/embed/Icmwov0XTo4?autoplay=1&start=34&end=64&controls=0"
"TheFrenchKris","Garçon de mon âge","https://www.youtube.com/embed/JFSp7tfrHFw?autoplay=1&start=39&end=69&controls=0"
"Green Day","Boulevard of Broken Dreams","https://www.youtube.com/embed/gYCTXzOTnXg?autoplay=1&start=55&end=85&controls=0"
"Green Day","Boulevard of Broken Dreams","https://www.youtube.com/embed/gYCTXzOTnXg?autoplay=1&start=44&end=74&controls=0"
"Pop Smoke","Dior","https://www.youtube.com/embed/goYgHnsQdtY?autoplay=1&start=50&end=80&controls=0"
"The Notorious B.I.G.","Sky's the Limit (feat. 112) - 2014 Remaster","https://www.youtube.com/embed/nOUZI94P7Pc?autoplay=1&start=33&end=63&controls=0"
"Chase Atlantic","DOUBT IT","https://www.youtube.com/embed/Qg5OefST_9g?autoplay=1&start=57&end=87&controls=0"
"Luther","CHÂTEAU FORT","https://www.youtube.com/embed/y8QupfPCh-g?autoplay=1&start=34&end=64&controls=0"
"M-Beat","Incredible","https://www.youtube.com/embed/_YGbDEUVibE?autoplay=1&start=45&end=75&controls=0"
"Rounhaa","BRUTAL","https://www.youtube.com/embed/SZwnYTAWl_8?autoplay=1&start=38&end=68&controls=0"
"Nirvana","Rape Me","https://www.youtube.com/embed/b_ty7PVtHgY?autoplay=1&start=31&end=61&controls=0"
"Jerry Lee Lewis","Great Balls Of Fire","https://www.youtube.com/embed/0VJ1NuAbEBI?autoplay=1&start=40&end=70&controls=0"
"Luther","virage","https://www.youtube.com/embed/UzVRo_2yGzk?autoplay=1&start=58&end=88&controls=0"
"Damso","BruxellesVie","https://www.youtube.com/embed/IWojtbl3pdw?autoplay=1&start=36&end=66&controls=0"
"Orelsan","La fête est finie","https://www.youtube.com/embed/BF6w2rdcG7I?autoplay=1&start=38&end=68&controls=0"
"Shaka Ponk","My Name Is Stain","https://www.youtube.com/embed/EF2PGnZmXCI?autoplay=1&start=56&end=86&controls=0"
"Josef ""J7"" Lord","Who Do You Voodoo (From Dead Island)","https://www.youtube.com/embed/m0pQGCqWbjU?autoplay=1&start=53&end=83&controls=0"
"Muse","Supermassive Black Hole","https://www.youtube.com/embed/rinkviEmeXk?autoplay=1&start=37&end=67&controls=0"
"Talking Heads","Psycho Killer","https://www.youtube.com/embed/eauZzwt8Ci8?autoplay=1&start=53&end=83&controls=0"
"d4vd","There Goes My Baby","https://www.youtube.com/embed/CEA6GCk87Ko?autoplay=1&start=54&end=84&controls=0"
"Pixies","Where Is My Mind?","https://www.youtube.com/embed/OJ62RzJkYUo?autoplay=1&start=51&end=81&controls=0"
"Shouse","Love Tonight (Edit)","https://www.youtube.com/embed/-d72XNa4yIM?autoplay=1&start=38&end=68&controls=0"
"Arcane","To Ashes and Blood (from the series Arcane League of Legends)","https://www.youtube.com/embed/Gj-jmBi0aK8?autoplay=1&start=47&end=77&controls=0"
"Miki Matsubara","Mayonaka no Door / Stay With Me","https://www.youtube.com/embed/moR4uw-NWLY?autoplay=1&start=55&end=85&controls=0"
"Mister V","Gang","https://www.youtube.com/embed/1esyx2sHsuk?autoplay=1&start=45&end=75&controls=0"
"The Neighbourhood","Reflections","https://www.youtube.com/embed/x47TgeRJtH0?autoplay=1&start=56&end=86&controls=0"
"Milky Chance","Stolen Dance","https://www.youtube.com/embed/dAuAyA9dBBU?autoplay=1&start=50&end=80&controls=0"
"Kate Bush","Army Dreamers - 2018 Remaster","https://www.youtube.com/embed/U9pI40LnmHM?autoplay=1&start=36&end=66&controls=0"
"Frenetics","I Feel a Man","https://www.youtube.com/embed/hW5XNpz7hr8?autoplay=1&start=32&end=62&controls=0"
"The Weeknd","Baptized In Fear","https://www.youtube.com/embed/WH7L9e07uSQ?autoplay=1&start=38&end=68&controls=0"
"d4vd","More Than Just Friends","https://www.youtube.com/embed/tf0JAjdhZoA?autoplay=1&start=57&end=87&controls=0"
"The Rolling Stones","Sympathy For The Devil","https://www.youtube.com/embed/GgnClrx8N2k?autoplay=1&start=35&end=65&controls=0"
"美波","カワキヲアメク","https://www.youtube.com/embed/0YF8vecQWYs?autoplay=1&start=52&end=82&controls=0"
"d4vd","Take Me To The Sun","https://www.youtube.com/embed/vl1FGKTyXR0?autoplay=1&start=56&end=86&controls=0"
"Orelsan","Notes pour trop tard (feat. Ibeyi)","https://www.youtube.com/embed/hzxnZQLyXAQ?autoplay=1&start=58&end=88&controls=0"
"Hans Zimmer","Cornfield Chase","https://www.youtube.com/embed/JuSsvM8B4Jc?autoplay=1&start=31&end=61&controls=0"
"Niska","W.L.G","https://www.youtube.com/embed/TYucBzX1Wys?autoplay=1&start=34&end=64&controls=0"
"Supertramp","Breakfast In America - 2010 Remastered","https://www.youtube.com/embed/3YQb-0P320s?autoplay=1&start=57&end=87&controls=0"
"Supertramp","Breakfast In America - 2010 Remastered","https://www.youtube.com/embed/3YQb-0P320s?autoplay=1&start=36&end=66&controls=0"
"Chase Atlantic","DEVILISH","https://www.youtube.com/embed/DdzF7AT8Lds?autoplay=1&start=42&end=72&controls=0"
"The Chemical Brothers","Galvanize","https://www.youtube.com/embed/dKdZniZdejk?autoplay=1&start=40&end=70&controls=0"
"Satine","Applaudissez-moi","https://www.youtube.com/embed/ThO39R6XmcM?autoplay=1&start=33&end=63&controls=0"
"Oliver Tree","Miss You","https://www.youtube.com/embed/EipgOEBtyag?autoplay=1&start=42&end=72&controls=0"
"Billy Idol","Eyes Without A Face","https://www.youtube.com/embed/G_GxaoOJFTY?autoplay=1&start=40&end=70&controls=0"
"Chezile","Run Away","https://www.youtube.com/embed/CKXffOEPK6U?autoplay=1&start=48&end=78&controls=0"
"Linkin Park","The Emptiness Machine","https://www.youtube.com/embed/8T2UfcdlAUE?autoplay=1&start=50&end=80&controls=0"
"Groove Armada","My Friend","https://www.youtube.com/embed/tSU67N1iPWc?autoplay=1&start=43&end=73&controls=0"
"Bryant Barnes","Give Me A Sign","https://www.youtube.com/embed/Srk8kGK16oA?autoplay=1&start=38&end=68&controls=0"
"Anomalie","Velours","https://www.youtube.com/embed/HMwwTpESuLM?autoplay=1&start=45&end=75&controls=0"
"Bryant Barnes","Losing You","https://www.youtube.com/embed/X4bSGA_GGSg?autoplay=1&start=51&end=81&controls=0"
"Lil Nas X","HOLIDAY","https://www.youtube.com/embed/lHm3AP0hCcg?autoplay=1&start=43&end=73&controls=0"
"Luther","uet","https://www.youtube.com/embed/orVuWpSUrU8?autoplay=1&start=54&end=84&controls=0"
"David Bowie","Starman - 2012 Remaster","https://www.youtube.com/embed/t365MuktYQs?autoplay=1&start=41&end=71&controls=0"
"Blue Swede","Hooked On A Feeling","https://www.youtube.com/embed/bCHvzQnL8kQ?autoplay=1&start=56&end=86&controls=0"
"The Weeknd","Cry For Me","https://www.youtube.com/embed/ljxYE-aJD3A?autoplay=1&start=46&end=76&controls=0"
"Bryant Barnes","Don't Want A Love Song","https://www.youtube.com/embed/VzhLfT2tjos?autoplay=1&start=49&end=79&controls=0"
"MYLØ","Sufriendo","https://www.youtube.com/embed/MnEKKdysVPY?autoplay=1&start=30&end=60&controls=0"
"MDNS","Paradis","https://www.youtube.com/embed/IVV4ajfHMhU?autoplay=1&start=49&end=79&controls=0"
"Delta Rae","Bottom of the River","https://www.youtube.com/embed/bimam2j2gEg?autoplay=1&start=39&end=69&controls=0"
"THÉA","À la mort - Edit","https://www.youtube.com/embed/siXX5rh-wEI?autoplay=1&start=35&end=65&controls=0"
"d4vd","Don't Forget About Me","https://www.youtube.com/embed/a360fN-5PDk?autoplay=1&start=44&end=74&controls=0"
"Phibes","Amadeus - Phibes Bass House VIP","https://www.youtube.com/embed/Q0dfL-WkvHM?autoplay=1&start=46&end=76&controls=0"
"The Weeknd","São Paulo (feat. Anitta)","https://www.youtube.com/embed/AQ5NlI-SJR0?autoplay=1&start=48&end=78&controls=0"
"Nirvana","Where Did You Sleep Last Night - Live","https://www.youtube.com/embed/hEMm7gxBYSc?autoplay=1&start=37&end=67&controls=0"
"Eric Prydz","Call on Me - Radio Mix","https://www.youtube.com/embed/qetW6R9Jxs4?autoplay=1&start=59&end=89&controls=0"
"Bonnie Tyler","Holding Out for a Hero - Single Version","https://www.youtube.com/embed/CPK2HwYzjkA?autoplay=1&start=31&end=61&controls=0"
"Cyndi Lauper","Girls Just Want to Have Fun","https://www.youtube.com/embed/jRr5EasAq84?autoplay=1&start=50&end=80&controls=0"
"Neil Diamond","Sweet Caroline","https://www.youtube.com/embed/4F_RCWVoL4s?autoplay=1&start=48&end=78&controls=0"
"Orelsan","L'odeur de l'essence","https://www.youtube.com/embed/zFknl7OAV0c?autoplay=1&start=55&end=85&controls=0"
"Presley Regier","NEED TO KNOW","https://www.youtube.com/embed/X8OAm9uBPCo?autoplay=1&start=30&end=60&controls=0"
"Disclosure","You & Me - Flume Remix","https://www.youtube.com/embed/OUkkaqSNduU?autoplay=1&start=50&end=80&controls=0"
"Madness","Our House","https://www.youtube.com/embed/yJf3ZShNtX4?autoplay=1&start=58&end=88&controls=0"
"Macklemore & Ryan Lewis","Thrift Shop (feat. Wanz)","https://www.youtube.com/embed/QK8mJJJvaes?autoplay=1&start=38&end=68&controls=0"
"Supertramp","The Logical Song - Remastered 2010","https://www.youtube.com/embed/pADasWwtlrM?autoplay=1&start=42&end=72&controls=0"
"Lynyrd Skynyrd","Sweet Home Alabama","https://www.youtube.com/embed/-35W_FWCT9Q?autoplay=1&start=39&end=69&controls=0"
"Luther","Kamado","https://www.youtube.com/embed/F31nQknf9-U?autoplay=1&start=43&end=73&controls=0"
"d4vd","What Are You Waiting For","https://www.youtube.com/embed/SlaLfVeFJlM?autoplay=1&start=54&end=84&controls=0"
"Conan Gray","Never Ending Song","https://www.youtube.com/embed/sgci2K2PTpM?autoplay=1&start=49&end=79&controls=0"
"Mo Beats","Righteous","https://www.youtube.com/embed/wBhMoxeGtHM?autoplay=1&start=57&end=87&controls=0"
"Cypress Hill","When the Shit Goes Down","https://www.youtube.com/embed/I826gxc8TvI?autoplay=1&start=53&end=83&controls=0"
"Portishead","Glory Box","https://www.youtube.com/embed/yAKX51r7erw?autoplay=1&start=53&end=83&controls=0"
"George Harrison","My Sweet Lord (2014 Remaster)","https://www.youtube.com/embed/jiFDiW312v0?autoplay=1&start=42&end=72&controls=0"
"Orelsan","San","https://www.youtube.com/embed/8LAk04yflxk?autoplay=1&start=41&end=71&controls=0"
"XXXTENTACION","One Minute (feat. Kanye West & Travis Barker)","https://www.youtube.com/embed/fufJp37goJ0?autoplay=1&start=48&end=78&controls=0"
"Dire Straits","Money For Nothing - Remastered 1996","https://www.youtube.com/embed/qmRzbKNbTsY?autoplay=1&start=57&end=87&controls=0"
"Cypress Hill","Hits from the Bong","https://www.youtube.com/embed/eMK4cfXj5c0?autoplay=1&start=31&end=61&controls=0"
"d4vd","Somewhere In The Middle","https://www.youtube.com/embed/7hsYDVOql6g?autoplay=1&start=43&end=73&controls=0"
"BlocBoy JB","Look Alive (feat. Drake)","https://www.youtube.com/embed/kaDPMRMPf_E?autoplay=1&start=40&end=70&controls=0"
"Satine","L'idée de toi","https://www.youtube.com/embed/Ah9xfmQ1yzA?autoplay=1&start=30&end=60&controls=0"
"The Doors","The End","https://www.youtube.com/embed/BXqPNlng6uI?autoplay=1&start=34&end=64&controls=0"
"Sister Nancy","Bam Bam","https://www.youtube.com/embed/a9OopCd1gpE?autoplay=1&start=36&end=66&controls=0"
"Oasis","Wonderwall","https://www.youtube.com/embed/FVdjZYfDuLE?autoplay=1&start=31&end=61&controls=0"
"Post Malone","rockstar (feat. 21 Savage)","https://www.youtube.com/embed/4GFAZBKZVJY?autoplay=1&start=42&end=72&controls=0"
"Luther","MOSSY COBBLESTONE","https://www.youtube.com/embed/qRtTH4wYfKM?autoplay=1&start=51&end=81&controls=0"
"S-Crew","J’aurais pas dû","https://www.youtube.com/embed/9f8wc1-EcpU?autoplay=1&start=42&end=72&controls=0"
"Lil Nas X","INDUSTRY BABY (feat. Jack Harlow)","https://www.youtube.com/embed/UTHLKHL_whs?autoplay=1&start=56&end=86&controls=0"
"The Lonina","Kill Again!","https://www.youtube.com/embed/odydwC3cxU8?autoplay=1&start=33&end=63&controls=0"
"Elton John","Rocket Man (I Think It's Going To Be A Long, Long Time)","https://www.youtube.com/embed/GuyGoiQkWAo?autoplay=1&start=33&end=63&controls=0"
"Radiohead","Paranoid Android","https://www.youtube.com/embed/Lt8AfIeJOxw?autoplay=1&start=49&end=79&controls=0"
"Ajar","TÖUNDRA","https://www.youtube.com/embed/8TLKFBYWyR4?autoplay=1&start=52&end=82&controls=0"
"A-Wall","Loverboy","https://www.youtube.com/embed/P_UH9GfYdoY?autoplay=1&start=33&end=63&controls=0"
"Gary Numan","M.E.","https://www.youtube.com/embed/JeucohIa5LQ?autoplay=1&start=35&end=65&controls=0"
"Willie Nelson","On the Road Again","https://www.youtube.com/embed/dBN86y30Ufc?autoplay=1&start=52&end=82&controls=0"
"Luniz","I Got 5 On It","https://www.youtube.com/embed/sx4qKJmLxLQ?autoplay=1&start=50&end=80&controls=0"
"Jack Back","(It Happens) Sometimes","https://www.youtube.com/embed/tYD1E9IUOzA?autoplay=1&start=42&end=72&controls=0"
"Chase Atlantic","WHAT U CALL THAT","https://www.youtube.com/embed/L_1Iu6UBiLw?autoplay=1&start=34&end=64&controls=0"
"Shaggy","Boombastic","https://www.youtube.com/embed/TeNjhglXm6w?autoplay=1&start=30&end=60&controls=0"
"Konfuz","Ратата","https://www.youtube.com/embed/KhB3zbd_1C4?autoplay=1&start=44&end=74&controls=0"
"House Of Pain","Jump Around","https://www.youtube.com/embed/MdxCfAb-ROM?autoplay=1&start=45&end=75&controls=0"
"Ice Cube","It Was A Good Day","https://www.youtube.com/embed/7reiN0f-Zkk?autoplay=1&start=40&end=70&controls=0"
"10cc","Dreadlock Holiday","https://www.youtube.com/embed/ci2_vHkS5Uk?autoplay=1&start=48&end=78&controls=0"
"XXXTENTACION","Moonlight","https://www.youtube.com/embed/DoCDdkQcH8s?autoplay=1&start=39&end=69&controls=0"
"Ghostemane","Venom","https://www.youtube.com/embed/aTUfR4lCKEE?autoplay=1&start=48&end=78&controls=0"
"Grover Washington, Jr.","Just the Two of Us (feat. Bill Withers)","https://www.youtube.com/embed/6IO74QV6wHY?autoplay=1&start=58&end=88&controls=0"
"Sting","Shape Of My Heart","https://www.youtube.com/embed/fSAN5d4ziok?autoplay=1&start=48&end=78&controls=0"
"Gerry Rafferty","Baker Street","https://www.youtube.com/embed/RdIk3W3Ob_0?autoplay=1&start=58&end=88&controls=0"
"a-ha","Take on Me","https://www.youtube.com/embed/MIgK3zOk0zg?autoplay=1&start=53&end=83&controls=0"
"Amy Winehouse","You Know I'm No Good","https://www.youtube.com/embed/Xs_d5kwYqX8?autoplay=1&start=34&end=64&controls=0"
"Muse","Uprising","https://www.youtube.com/embed/OqPVz101nd0?autoplay=1&start=51&end=81&controls=0"
"Luther","GARÇON","https://www.youtube.com/embed/YJabtmgTxAY?autoplay=1&start=31&end=61&controls=0"
"Absofacto","Dissolve","https://www.youtube.com/embed/UPjvhk7I7eQ?autoplay=1&start=32&end=62&controls=0"
"Luther","Baume à lèvres","https://www.youtube.com/embed/mATwbZ_Aa9E?autoplay=1&start=50&end=80&controls=0"
"Luther","inaudible","https://www.youtube.com/embed/JOQWVaMJiN8?autoplay=1&start=33&end=63&controls=0"
"Conan Gray","Bourgeoisieses","https://www.youtube.com/embed/8ALpoMsaoTg?autoplay=1&start=45&end=75&controls=0"
"Chase Atlantic","STRANGER THINGS","https://www.youtube.com/embed/Wpn5jXL13x0?autoplay=1&start=54&end=84&controls=0"
"Luther","Trame (Outro)","https://www.youtube.com/embed/gNid6eIVqgo?autoplay=1&start=52&end=82&controls=0"
"Chase Atlantic","Tidal Wave","https://www.youtube.com/embed/0Tgn8hR7Jpo?autoplay=1&start=38&end=68&controls=0"
"Biffty","Roule un boze - 420' Freestyle","https://www.youtube.com/embed/CjVvAsf9h4M?autoplay=1&start=58&end=88&controls=0"
"Nekfeu","Martin Eden","https://www.youtube.com/embed/y8ay_H5UBSI?autoplay=1&start=35&end=65&controls=0"
"SCH","R.A.C.","https://www.youtube.com/embed/k9H-E8CLJX4?autoplay=1&start=47&end=77&controls=0"
"Heuss L'enfoiré","Khapta","https://www.youtube.com/embed/W-gmIG41dGA?autoplay=1&start=54&end=84&controls=0"
"Kendrick Lamar","Money Trees","https://www.youtube.com/embed/HJNa9Ih3haA?autoplay=1&start=42&end=72&controls=0"
"John Williams","Carol of the Bells (From ""Home Alone"" Soundtrack)","https://www.youtube.com/embed/RGqVS6ONO4Y?autoplay=1&start=30&end=60&controls=0"
"Capital Cities","Safe And Sound","https://www.youtube.com/embed/mQmOZX-8EZI?autoplay=1&start=58&end=88&controls=0"
"YNW Melly","Murder on My Mind","https://www.youtube.com/embed/zFW5-ABDC-8?autoplay=1&start=40&end=70&controls=0"
"Nirvana","Smells Like Teen Spirit","https://www.youtube.com/embed/JyGNABrosb8?autoplay=1&start=34&end=64&controls=0"
"AC/DC","Thunderstruck","https://www.youtube.com/embed/v2AC41dglnM?autoplay=1&start=57&end=87&controls=0"
"Louis Armstrong","What A Wonderful World","https://www.youtube.com/embed/rBrd_3VMC3c?autoplay=1&start=44&end=74&controls=0"
"Orelsan","Raelsan","https://www.youtube.com/embed/Qu3WOFqoQbQ?autoplay=1&start=43&end=73&controls=0"
"21 Savage","a lot","https://www.youtube.com/embed/VbrEsOLu75c?autoplay=1&start=36&end=66&controls=0"
"OTP","BM (London View)","https://www.youtube.com/embed/V8RdckruPZA?autoplay=1&start=50&end=80&controls=0"
"Central Cee","Doja","https://www.youtube.com/embed/fJzPJKv3ZrI?autoplay=1&start=47&end=77&controls=0"
"Powfu","death bed (coffee for your head)","https://www.youtube.com/embed/hNqdxGsbQsA?autoplay=1&start=31&end=61&controls=0"
"Paul Kalkbrenner","Dockyard","https://www.youtube.com/embed/UBEw9rWD53g?autoplay=1&start=37&end=67&controls=0"
"XXXTENTACION","Look At Me!","https://www.youtube.com/embed/wJGcwEv7838?autoplay=1&start=31&end=61&controls=0"
"Dolorain","Adrénaline","https://www.youtube.com/embed/lDUERo8anq8?autoplay=1&start=31&end=61&controls=0"
"Casseurs Flowters","Wondercash","https://www.youtube.com/embed/NJdiY7ZY2jg?autoplay=1&start=46&end=76&controls=0"
"Yelle","Je veux te voir","https://www.youtube.com/embed/y094mefXxTo?autoplay=1&start=46&end=76&controls=0"
"Orelsan","La Quête","https://www.youtube.com/embed/rXF1Si3LEEU?autoplay=1&start=54&end=84&controls=0"
"Satine","Un quart d'heure","https://www.youtube.com/embed/jntXoskAPL8?autoplay=1&start=32&end=62&controls=0"
"Hilight Tribe","Free Tibet - Vini Vici Remix","https://www.youtube.com/embed/0lBjcaMokvo?autoplay=1&start=41&end=71&controls=0"
"Lily Allen","Smile","https://www.youtube.com/embed/rGDcbQKxY7Q?autoplay=1&start=35&end=65&controls=0"
"DO not DO","Lunettes du style","https://www.youtube.com/embed/WD8ebYkqRLU?autoplay=1&start=55&end=85&controls=0"
"The Beach Boys","I Get Around","https://www.youtube.com/embed/BchXkabxn4A?autoplay=1&start=45&end=75&controls=0"
"d4vd","DTN","https://www.youtube.com/embed/htPKRYIWG8o?autoplay=1&start=34&end=64&controls=0"
"Jace June","Come Home","https://www.youtube.com/embed/D1Y1B0E4wuk?autoplay=1&start=46&end=76&controls=0"
"Kendrick Lamar","Swimming Pools (Drank)","https://www.youtube.com/embed/Pe0n5mqkf6c?autoplay=1&start=51&end=81&controls=0"
"XXXTENTACION","SAD!","https://www.youtube.com/embed/pgN-vvVVxMA?autoplay=1&start=46&end=76&controls=0"
"Orelsan","Suicide social","https://www.youtube.com/embed/B2kvtRprvkk?autoplay=1&start=56&end=86&controls=0"
"Conan Gray","The Story","https://www.youtube.com/embed/V3nAGZ7dydo?autoplay=1&start=40&end=70&controls=0"
"Naughty By Nature","Feel Me Flow","https://www.youtube.com/embed/PWNenB97uEc?autoplay=1&start=33&end=63&controls=0"
"Deep Purple","Child in Time - 1995 Remaster","https://www.youtube.com/embed/UEjAaLu8Dhs?autoplay=1&start=59&end=89&controls=0"
"d4vd","Ghost","https://www.youtube.com/embed/FpO31FVxxb4?autoplay=1&start=47&end=77&controls=0"
"Chase Atlantic","CHXSE","https://www.youtube.com/embed/LZX9b-JelEw?autoplay=1&start=45&end=75&controls=0"
"Denzel Curry","Ultimate","https://www.youtube.com/embed/VR24Pfw7Ykw?autoplay=1&start=37&end=67&controls=0"
"Miki","cartoon sex","https://www.youtube.com/embed/MCEHjcsH4RQ?autoplay=1&start=30&end=60&controls=0"
"Luther","BLAKE & MORTIMER","https://www.youtube.com/embed/PfTcRGNipN0?autoplay=1&start=34&end=64&controls=0"
"d4vd","Poetic Vulgarity","https://www.youtube.com/embed/voX178mxthI?autoplay=1&start=31&end=61&controls=0"
"Chase Atlantic","MAMACITA","https://www.youtube.com/embed/Ppu8TB3Mc-Q?autoplay=1&start=31&end=61&controls=0"
"The Turtles","Happy Together","https://www.youtube.com/embed/pSw8an1u3rc?autoplay=1&start=30&end=60&controls=0"
"Chase Atlantic","Why Stop Now","https://www.youtube.com/embed/UEIRbiOWZRc?autoplay=1&start=37&end=67&controls=0"
"Bryant Barnes","Don't Let It Be You","https://www.youtube.com/embed/VzhLfT2tjos?autoplay=1&start=46&end=76&controls=0"
"TheFrenchKris","Blizzard","https://www.youtube.com/embed/1sMbwpi13Kg?autoplay=1&start=34&end=64&controls=0"
"Red Hot Chili Peppers","Californication","https://www.youtube.com/embed/6L0LIo35sF4?autoplay=1&start=45&end=75&controls=0"
"Arcane","The Line (from the series Arcane League of Legends)","https://www.youtube.com/embed/XCz7WUotXs8?autoplay=1&start=50&end=80&controls=0"
"Satine","C'est toi","https://www.youtube.com/embed/uuNnwGC4UyY?autoplay=1&start=42&end=72&controls=0"
"Luther","JOURNAL DE QUÊTES","https://www.youtube.com/embed/ysn2BSolvUg?autoplay=1&start=32&end=62&controls=0"
"Gorillaz","On Melancholy Hill","https://www.youtube.com/embed/BGn2oo-0Dqc?autoplay=1&start=31&end=61&controls=0"
"Cypis","Gdzie jest biały węgorz ? (Zejście)","https://www.youtube.com/embed/qrxv0JNVtgY?autoplay=1&start=35&end=65&controls=0"
"TheFrenchKris","Une jolie fille","https://www.youtube.com/embed/2FmQrP7ok1U?autoplay=1&start=53&end=83&controls=0"
"Nekfeu","On verra","https://www.youtube.com/embed/lH_xQp1zTPw?autoplay=1&start=52&end=82&controls=0"
"Gunter Kallmann Choir","Daydream","https://www.youtube.com/embed/gQzX7_PvQww?autoplay=1&start=47&end=77&controls=0"
"Holly Humberstone","Superbloodmoon (feat. d4vd)","https://www.youtube.com/embed/ECydxq6LUss?autoplay=1&start=58&end=88&controls=0"
"Arcane","Sucker - From The Series ""Arcane League of Legends""","https://www.youtube.com/embed/8sekyV_o2pM?autoplay=1&start=50&end=80&controls=0"
"Chase Atlantic","Slow Down","https://www.youtube.com/embed/4kbSC3HXfJw?autoplay=1&start=34&end=64&controls=0"
"Aerosmith","Seasons of Wither","https://www.youtube.com/embed/PgIsxxq4EBg?autoplay=1&start=40&end=70&controls=0"
"Breakbot","Baby I'm Yours","https://www.youtube.com/embed/ahdH8eTydWY?autoplay=1&start=58&end=88&controls=0"
"Casseurs Flowters","01h47 - Change de pote","https://www.youtube.com/embed/YM2v3UV0l9I?autoplay=1&start=51&end=81&controls=0"
"Orelsan","Tout va bien","https://www.youtube.com/embed/iW0EFGclcso?autoplay=1&start=49&end=79&controls=0"
"d4vd","The Bridge","https://www.youtube.com/embed/VHkLRVz-LQA?autoplay=1&start=36&end=66&controls=0"
"The Weeknd","D.D.","https://www.youtube.com/embed/FXT1oKrgq0o?autoplay=1&start=41&end=71&controls=0"
"Chase Atlantic","LIKE A ROCKSTAR","https://www.youtube.com/embed/5CTchC9i2aI?autoplay=1&start=56&end=86&controls=0"
"Marvin Gaye","Ain't No Mountain High Enough","https://www.youtube.com/embed/eu2gAqn4I2A?autoplay=1&start=38&end=68&controls=0"
"MEUTE","Slip","https://www.youtube.com/embed/NMefxohehPQ?autoplay=1&start=43&end=73&controls=0"
"Tom Zanetti","Flight Mode (feat. Silky)","https://www.youtube.com/embed/dGag1dJliEE?autoplay=1&start=51&end=81&controls=0"
"SAINt JHN","Roses - Imanbek Remix","https://www.youtube.com/embed/ele2DMU49Jk?autoplay=1&start=56&end=86&controls=0"
"Casseurs Flowters","Si facile","https://www.youtube.com/embed/wLcawf9lMao?autoplay=1&start=40&end=70&controls=0"
"Bob Marley & The Wailers","Three Little Birds","https://www.youtube.com/embed/NOyRsPDPfMM?autoplay=1&start=51&end=81&controls=0"
"Flume","Holdin On","https://www.youtube.com/embed/X_H3cIsenBQ?autoplay=1&start=44&end=74&controls=0"
"Amerie","1 Thing","https://www.youtube.com/embed/uhQwnqGtEXQ?autoplay=1&start=44&end=74&controls=0"
"The Notorious B.I.G.","Big Poppa - 2005 Remaster","https://www.youtube.com/embed/stKOaz60VS8?autoplay=1&start=41&end=71&controls=0"
"Red Hot Chili Peppers","Can't Stop","https://www.youtube.com/embed/l-E0nFErk3w?autoplay=1&start=59&end=89&controls=0"
"d4vd","Hollow Prayers","https://www.youtube.com/embed/SDCtw4YbeXY?autoplay=1&start=55&end=85&controls=0"
"Chase Atlantic","Friends","https://www.youtube.com/embed/nT8O_mP2x6Y?autoplay=1&start=37&end=67&controls=0"
"d4vd","Romantic Homicide - Live Version","https://www.youtube.com/embed/3jocJWo07gc?autoplay=1&start=37&end=67&controls=0"
"Tom Jones","It's Not Unusual","https://www.youtube.com/embed/k-HdGnzYdFQ?autoplay=1&start=37&end=67&controls=0"
"Fools Garden","Lemon Tree","https://www.youtube.com/embed/wCQfkEkePx8?autoplay=1&start=39&end=69&controls=0"
"Pixies","Where Is My Mind? - 2007 Remaster","https://www.youtube.com/embed/OJ62RzJkYUo?autoplay=1&start=40&end=70&controls=0"
"Nutcase22","Captain (whistle)","https://www.youtube.com/embed/DVOOxlLNgs4?autoplay=1&start=51&end=81&controls=0"
"Offset","Ric Flair Drip (with Metro Boomin)","https://www.youtube.com/embed/OwbI9IY9Roo?autoplay=1&start=58&end=88&controls=0"
"will.i.am","Scream & Shout","https://www.youtube.com/embed/_vQ_IMg81xc?autoplay=1&start=51&end=81&controls=0"
"EARTHGANG","UP - A COLORS SHOW","https://www.youtube.com/embed/zgNVvtOp8mU?autoplay=1&start=54&end=84&controls=0"
"Trevor Daniel","Falling","https://www.youtube.com/embed/QRXRG0PLdSM?autoplay=1&start=39&end=69&controls=0"
"Gambi","PUFF PUFF PUFF","https://www.youtube.com/embed/PxHMGV7Pw0g?autoplay=1&start=32&end=62&controls=0"
"sheng","DIS-MOI PK ?! 为什么","https://www.youtube.com/embed/WBoO2QjKLlI?autoplay=1&start=50&end=80&controls=0"
"Luther","PK TU M'APL ?","https://www.youtube.com/embed/1lz4RjY_YgY?autoplay=1&start=31&end=61&controls=0"
"Bee Gees","Stayin' Alive","https://www.youtube.com/embed/bVVwmRbBZ-I?autoplay=1&start=39&end=69&controls=0"
"The Police","Roxanne","https://www.youtube.com/embed/3kSytqNE_2Q?autoplay=1&start=55&end=85&controls=0"
"Led Zeppelin","Whole Lotta Love - Remaster","https://www.youtube.com/embed/oaSk5vnAVJ8?autoplay=1&start=40&end=70&controls=0"
"Woodkid","Iron","https://www.youtube.com/embed/nj9ucBQ04Ag?autoplay=1&start=32&end=62&controls=0"
"Giacomo Trivelli","Grand Theft Audio","https://www.youtube.com/embed/VwKRL2r_y-g?autoplay=1&start=32&end=62&controls=0"
"Max Korzh","Малый повзрослел","https://www.youtube.com/embed/kaMmJMsMXF8?autoplay=1&start=50&end=80&controls=0"
"Basstripper","In The City","https://www.youtube.com/embed/pu-I1qlsiXg?autoplay=1&start=51&end=81&controls=0"
"Gambi","POPOPOP","https://www.youtube.com/embed/ovtQgAOhM_s?autoplay=1&start=41&end=71&controls=0"
"Moha K","Vroum Vroum","https://www.youtube.com/embed/eoBprTgulQY?autoplay=1&start=31&end=61&controls=0"
"Tiga","Bugatti","https://www.youtube.com/embed/CFg6amMLd-o?autoplay=1&start=53&end=83&controls=0"
"Kodak Black","ZEZE (feat. Travis Scott & Offset)","https://www.youtube.com/embed/mjaayCARwro?autoplay=1&start=32&end=62&controls=0"
"Farruko","Pepas","https://www.youtube.com/embed/kcYS_cUwr-8?autoplay=1&start=53&end=83&controls=0"
"Casseurs Flowters","Inachevés","https://www.youtube.com/embed/IOyREW4UqaQ?autoplay=1&start=56&end=86&controls=0"
"Gambi","MACINTOSH","https://www.youtube.com/embed/nZcTVkXJV1o?autoplay=1&start=38&end=68&controls=0"
"ACRAZE","Do It To It","https://www.youtube.com/embed/6wwuEXlIniU?autoplay=1&start=42&end=72&controls=0"
"Phoenix","Lisztomania","https://www.youtube.com/embed/uF3reVVUbio?autoplay=1&start=48&end=78&controls=0"
"Arctic Monkeys","I Wanna Be Yours","https://www.youtube.com/embed/nyuo9-OjNNg?autoplay=1&start=31&end=61&controls=0"
"Travis Scott","4X4","https://www.youtube.com/embed/SeGNxgujehE?autoplay=1&start=45&end=75&controls=0"
"Playboi Carti","Magnolia","https://www.youtube.com/embed/RLYksQvr5zY?autoplay=1&start=44&end=74&controls=0"
"Muse","Starlight","https://www.youtube.com/embed/H3DG-Y5Cy1s?autoplay=1&start=53&end=83&controls=0"
"French Montana","Unforgettable","https://www.youtube.com/embed/hTGGYsBeGLw?autoplay=1&start=38&end=68&controls=0"
"Kesha","TiK ToK","https://www.youtube.com/embed/KiYIzMvdRzY?autoplay=1&start=54&end=84&controls=0"
"Lil Uzi Vert","The Way Life Goes (feat. Oh Wonder)","https://www.youtube.com/embed/Vi2XaiKhgiU?autoplay=1&start=45&end=75&controls=0"
"J. Cole","Wet Dreamz","https://www.youtube.com/embed/lTgvsJY4aYE?autoplay=1&start=58&end=88&controls=0"
"The Weeknd","Can't Feel My Face","https://www.youtube.com/embed/dqt8Z1k0oWQ?autoplay=1&start=52&end=82&controls=0"
"Playboi Carti","Sky","https://www.youtube.com/embed/GYE9H4SMq5E?autoplay=1&start=53&end=83&controls=0"
"Lil Tecca","Dark Thoughts","https://www.youtube.com/embed/Csst0G-QfkU?autoplay=1&start=53&end=83&controls=0"
"Bruno Mars","Treasure","https://www.youtube.com/embed/pMqoGGNm-VU?autoplay=1&start=54&end=84&controls=0"
"Daft Punk","Instant Crush (feat. Julian Casablancas)","https://www.youtube.com/embed/O9BK3xcRH1g?autoplay=1&start=43&end=73&controls=0"
"Metro Boomin","Too Many Nights (feat. Don Toliver & with Future)","https://www.youtube.com/embed/NyTkaQHdySM?autoplay=1&start=46&end=76&controls=0"
"Kendrick Lamar","Not Like Us","https://www.youtube.com/embed/H58vbez_m4E?autoplay=1&start=30&end=60&controls=0"
